"","Estimate","Std.Err","Z-value","p-value"
"PTSD",-0.215457402187482,0.367098080738423,-0.586920535661985,0.557257077090408
"Obesity",-0.176347176671095,0.303131815440342,-0.581750801759046,0.560734547184261
"HTN",-0.0385600425734815,0.255370661873031,-0.150996368536075,0.879978580542662
"DM",0.448265228937316,0.309398833236195,1.44882650089088,0.147386041007382
"PTSD*Obesity",1.52072074224702,0.575985971543462,2.64020447958475,0.00828560187716333
